{
    "locales": [
        {
            "CCODI_LOCAL": "I236",
            "CCODI_UBIGEO": "140137",
            "TDIRE_LOCAL": "JR TRUJILLO CUADRA CUATRO",
            "TNOMB_LOCAL": "CAMPO DEPORTIVO EL CUADRADO"
        },
        {
            "CCODI_LOCAL": "I237",
            "CCODI_UBIGEO": "140137",
            "TDIRE_LOCAL": "JR TEMPLO DEL ASPERO SN MANGOMARCA",
            "TNOMB_LOCAL": "CAMPO DEPORTIVO ESTHER GRANDA"
        },
        {
            "CCODI_LOCAL": "I238",
            "CCODI_UBIGEO": "140137",
            "TDIRE_LOCAL": "JR VILCA UMU SN",
            "TNOMB_LOCAL": "CAMPO DEPORTIVO JAVIER HERAUD"
        },
        {
            "CCODI_LOCAL": "I239",
            "CCODI_UBIGEO": "140137",
            "TDIRE_LOCAL": "PSJE M CARRERO SN AAHH LAS GALERAS COMUNA 15",
            "TNOMB_LOCAL": "CAMPO DEPORTIVO JUAN MOSCOSO"
        },
        {
            "CCODI_LOCAL": "I496",
            "CCODI_UBIGEO": "140137",
            "TDIRE_LOCAL": "JR LAS PIRITAS SN URB MANCO INCA",
            "TNOMB_LOCAL": "CAMPO DEPORTIVO LAS PALMERAS"
        },
        {
            "CCODI_LOCAL": "I013",
            "CCODI_UBIGEO": "140137",
            "TDIRE_LOCAL": "AAHH LOS AMAUTAS",
            "TNOMB_LOCAL": "CAMPO DEPORTIVO LOS AMAUTAS IPD"
        },
        {
            "CCODI_LOCAL": "I240",
            "CCODI_UBIGEO": "140137",
            "TDIRE_LOCAL": "CALLE LOS AUDITORES MZ B",
            "TNOMB_LOCAL": "CAMPO DEPORTIVO LOS COCHARCAS"
        },
        {
            "CCODI_LOCAL": "I241",
            "CCODI_UBIGEO": "140137",
            "TDIRE_LOCAL": "JR LAS MAGNOLIAS MZ B",
            "TNOMB_LOCAL": "CAMPO DEPORTIVO LOS HERALDOS"
        },
        {
            "CCODI_LOCAL": "I497",
            "CCODI_UBIGEO": "140137",
            "TDIRE_LOCAL": "AAHH SABOGAL CRUCE VALLE DE CAPRINES",
            "TNOMB_LOCAL": "CAMPO DEPORTIVO MARACANA"
        },
        {
            "CCODI_LOCAL": "I242",
            "CCODI_UBIGEO": "140137",
            "TDIRE_LOCAL": "JR MEJORANAS SN",
            "TNOMB_LOCAL": "CAMPO DEPORTIVO SAN BENITO"
        },
        {
            "CCODI_LOCAL": "I014",
            "CCODI_UBIGEO": "140137",
            "TDIRE_LOCAL": "CALLE SN URB SAN CARLOS",
            "TNOMB_LOCAL": "CAMPO DEPORTIVO SAN CARLOS"
        },
        {
            "CCODI_LOCAL": "I243",
            "CCODI_UBIGEO": "140137",
            "TDIRE_LOCAL": "JR LOS CLAVELES URB SANTA FE DE TOTORITA",
            "TNOMB_LOCAL": "CAMPO DEPORTIVO SANTA FE DE TOTORITA"
        },
        {
            "CCODI_LOCAL": "I015",
            "CCODI_UBIGEO": "140137",
            "TDIRE_LOCAL": "AV JOSE CARLOS MARIATEGUI SN",
            "TNOMB_LOCAL": "CAMPO JOSE CARLOS MARIATEGUI"
        },
        {
            "CCODI_LOCAL": "I016",
            "CCODI_UBIGEO": "140137",
            "TDIRE_LOCAL": "JR LOS HINOJOS SN URB LOS JARDINES",
            "TNOMB_LOCAL": "CAMPO LOS JARDINES"
        },
        {
            "CCODI_LOCAL": "I017",
            "CCODI_UBIGEO": "140137",
            "TDIRE_LOCAL": "CALLE 4B AAHH MOTUPE",
            "TNOMB_LOCAL": "CAMPO MOTUPE"
        },
        {
            "CCODI_LOCAL": "I245",
            "CCODI_UBIGEO": "140137",
            "TDIRE_LOCAL": "JR MAGISTRADO SN MZ B",
            "TNOMB_LOCAL": "CAMPO SINTETICO HUANCARAY"
        },
        {
            "CCODI_LOCAL": "I012",
            "CCODI_UBIGEO": "140137",
            "TDIRE_LOCAL": "JR GRANDE SN",
            "TNOMB_LOCAL": "CAMPO 10 DE OCTUBRE"
        },
        {
            "CCODI_LOCAL": "W612",
            "CCODI_UBIGEO": "140137",
            "TDIRE_LOCAL": "CALLE 40 SN CRUZ DE MOTUPE",
            "TNOMB_LOCAL": "CAPILLA CRUZ DE MOTUPE"
        },
        {
            "CCODI_LOCAL": "Y886",
            "CCODI_UBIGEO": "140137",
            "TDIRE_LOCAL": "CALLE SAN PEDRO SN CRUZ DE MOTUPE",
            "TNOMB_LOCAL": "CAPILLA SAN JOSE OBRERO"
        },
        {
            "CCODI_LOCAL": "Y887",
            "CCODI_UBIGEO": "140137",
            "TDIRE_LOCAL": "CALLE MAR DE TIMOR SN AAHH ENRIQUE MONTENEGRO",
            "TNOMB_LOCAL": "CAPILLA SANTA ROSA"
        },
        {
            "CCODI_LOCAL": "D777",
            "CCODI_UBIGEO": "140137",
            "TDIRE_LOCAL": "JR DELTA SN AAHH SU SANTIDAD JUAN PABLO II",
            "TNOMB_LOCAL": "CASA BLANCA DE JESUS"
        },
        {
            "CCODI_LOCAL": "R190",
            "CCODI_UBIGEO": "140137",
            "TDIRE_LOCAL": "MZ D LOTE 15 ETAPA II GRUPO 5",
            "TNOMB_LOCAL": "CASITA AMIGA DE RURICANCHO"
        },
        {
            "CCODI_LOCAL": "3386",
            "CCODI_UBIGEO": "140137",
            "TDIRE_LOCAL": "AV GRAN CHIMU 1780",
            "TNOMB_LOCAL": "CEBE SAN MATIAS DE JESUS"
        },
        {
            "CCODI_LOCAL": "Z506",
            "CCODI_UBIGEO": "140137",
            "TDIRE_LOCAL": "AV LIBERACION MZ 73 LOTE 23",
            "TNOMB_LOCAL": "CENTRO DEPORTIVO UPIS HUASCAR"
        },
        {
            "CCODI_LOCAL": "R191",
            "CCODI_UBIGEO": "140137",
            "TDIRE_LOCAL": "MZ V LOTE 1",
            "TNOMB_LOCAL": "CESAR VALLEJO"
        },
        {
            "CCODI_LOCAL": "3387",
            "CCODI_UBIGEO": "140137",
            "TDIRE_LOCAL": "AV 1RO DE MAYO SN",
            "TNOMB_LOCAL": "CETPRO BAYOVAR"
        },
        {
            "CCODI_LOCAL": "I020",
            "CCODI_UBIGEO": "140137",
            "TDIRE_LOCAL": "AAHH MONTENEGRO JICAMARCA",
            "TNOMB_LOCAL": "COMPLEJO DEPORTIVO MONTE VERDE"
        },
        {
            "CCODI_LOCAL": "D778",
            "CCODI_UBIGEO": "140137",
            "TDIRE_LOCAL": "AV A MZ D LOTE 22 URB CANTO REY",
            "TNOMB_LOCAL": "COOPERATIVA DE VIVIENDA LA FRAGATA"
        },
        {
            "CCODI_LOCAL": "X461",
            "CCODI_UBIGEO": "140137",
            "TDIRE_LOCAL": "AAHH ENRIQUE MONTENEGRO SECTOR 5 MZ M1 N1 O1 Q1",
            "TNOMB_LOCAL": "FE Y ALEGRIA 37"
        },
        {
            "CCODI_LOCAL": "R193",
            "CCODI_UBIGEO": "140137",
            "TDIRE_LOCAL": "MZ F3 LOTE 08 ETAPA II Y III SECTOR IV",
            "TNOMB_LOCAL": "GOTITAS DE AMOR"
        },
        {
            "CCODI_LOCAL": "3453",
            "CCODI_UBIGEO": "140137",
            "TDIRE_LOCAL": "AV CENTRAL SN MZ N6 LT 1",
            "TNOMB_LOCAL": "IE ANTONIA MORENO DE CACERES"
        },
        {
            "CCODI_LOCAL": "4993",
            "CCODI_UBIGEO": "140137",
            "TDIRE_LOCAL": "AV GRAN CHIMU SN",
            "TNOMB_LOCAL": "IE EMBLEMATICA ANTENOR ORREGO ESPINOZA"
        },
        {
            "CCODI_LOCAL": "3454",
            "CCODI_UBIGEO": "140137",
            "TDIRE_LOCAL": "AV NACIONES UNIDAS SN",
            "TNOMB_LOCAL": "IE FE Y ALEGRIA 26"
        },
        {
            "CCODI_LOCAL": "X947",
            "CCODI_UBIGEO": "140137",
            "TDIRE_LOCAL": "CALLE OXAPAMPA SN",
            "TNOMB_LOCAL": "IE FRANCISCO BOLOGNESI CERVANTES"
        },
        {
            "CCODI_LOCAL": "3458",
            "CCODI_UBIGEO": "140137",
            "TDIRE_LOCAL": "AV FRANCISCO BOLOGNESI SN",
            "TNOMB_LOCAL": "IE FRANCISCO BOLOGNESI CERVANTES"
        },
        {
            "CCODI_LOCAL": "X948",
            "CCODI_UBIGEO": "140137",
            "TDIRE_LOCAL": "CALLE SN AAHH LOS JAZMINES",
            "TNOMB_LOCAL": "IE LOS JAZMINES"
        },
        {
            "CCODI_LOCAL": "X952",
            "CCODI_UBIGEO": "140137",
            "TDIRE_LOCAL": "MZ BC 6 LT 01 ASOC DE POSICIONARIOS LOMAS ALTAS DEL ANEXO 22",
            "TNOMB_LOCAL": "IE MUNDO FELIZ"
        },
        {
            "CCODI_LOCAL": "3460",
            "CCODI_UBIGEO": "140137",
            "TDIRE_LOCAL": "AV FERNANDO WIESSE SN",
            "TNOMB_LOCAL": "IE NICOLAS COPERNICO"
        },
        {
            "CCODI_LOCAL": "3459",
            "CCODI_UBIGEO": "140137",
            "TDIRE_LOCAL": "AV LAS LOMAS SN",
            "TNOMB_LOCAL": "IE PNP MARTIN ESQUICHA BERNEDO"
        },
        {
            "CCODI_LOCAL": "3461",
            "CCODI_UBIGEO": "140137",
            "TDIRE_LOCAL": "AV CIRCUNVALACION SN",
            "TNOMB_LOCAL": "IE RAMIRO PRIALE PRIALE"
        },
        {
            "CCODI_LOCAL": "X953",
            "CCODI_UBIGEO": "140137",
            "TDIRE_LOCAL": "CALLE SN ANEXO 22 AAHH VILLA SOL",
            "TNOMB_LOCAL": "IE SEMILLITAS DE VILLASOL"
        },
        {
            "CCODI_LOCAL": "R202",
            "CCODI_UBIGEO": "140137",
            "TDIRE_LOCAL": "AV 12 SN",
            "TNOMB_LOCAL": "IE SE\u00d1OR DE LA ESPERANZA"
        },
        {
            "CCODI_LOCAL": "4978",
            "CCODI_UBIGEO": "140137",
            "TDIRE_LOCAL": "PSJE RAUL PORRAS BARRENECHEA SN",
            "TNOMB_LOCAL": "IE 0036 MADRE MARIA AUXILIADORA"
        },
        {
            "CCODI_LOCAL": "3388",
            "CCODI_UBIGEO": "140137",
            "TDIRE_LOCAL": "PSJE TUMBES SN",
            "TNOMB_LOCAL": "IE 0045 SAN ANTONIO"
        },
        {
            "CCODI_LOCAL": "4989",
            "CCODI_UBIGEO": "140137",
            "TDIRE_LOCAL": "JR QUILLABAMBA 281",
            "TNOMB_LOCAL": "IE 0069 MACHU PICCHU"
        },
        {
            "CCODI_LOCAL": "3389",
            "CCODI_UBIGEO": "140137",
            "TDIRE_LOCAL": "AV CANTO GRANDE SN",
            "TNOMB_LOCAL": "IE 0071 NUESTRA SE\u00d1ORA DE LA MERCED"
        },
        {
            "CCODI_LOCAL": "3390",
            "CCODI_UBIGEO": "140137",
            "TDIRE_LOCAL": "JR LOS AMAUTAS 1560",
            "TNOMB_LOCAL": "IE 0073 BENITO JUAREZ"
        },
        {
            "CCODI_LOCAL": "3391",
            "CCODI_UBIGEO": "140137",
            "TDIRE_LOCAL": "CALLE LAS HORTENCIAS 200",
            "TNOMB_LOCAL": "IE 0086 JOSE MARIA ARGUEDAS"
        },
        {
            "CCODI_LOCAL": "3392",
            "CCODI_UBIGEO": "140137",
            "TDIRE_LOCAL": "JR GERMANIO SN",
            "TNOMB_LOCAL": "IE 0087 JOSE MARIA ARGUEDAS"
        },
        {
            "CCODI_LOCAL": "3393",
            "CCODI_UBIGEO": "140137",
            "TDIRE_LOCAL": "AV PRIMAVERA DE CAMPOY SN",
            "TNOMB_LOCAL": "IE 0088 NUESTRA SE\u00d1ORA DEL CARMEN"
        },
        {
            "CCODI_LOCAL": "3394",
            "CCODI_UBIGEO": "140137",
            "TDIRE_LOCAL": "AV PRINCIPAL SN",
            "TNOMB_LOCAL": "IE 0089 MANUEL GONZALES PRADA"
        },
        {
            "CCODI_LOCAL": "3395",
            "CCODI_UBIGEO": "140137",
            "TDIRE_LOCAL": "AV PRINCIPAL SN",
            "TNOMB_LOCAL": "IE 0090 DANIEL ALCIDES CARRION"
        },
        {
            "CCODI_LOCAL": "3396",
            "CCODI_UBIGEO": "140137",
            "TDIRE_LOCAL": "JR LOS GIRASOLES SN",
            "TNOMB_LOCAL": "IE 0091 SANTA FE"
        },
        {
            "CCODI_LOCAL": "3397",
            "CCODI_UBIGEO": "140137",
            "TDIRE_LOCAL": "JR LAS GRAVAS 2032",
            "TNOMB_LOCAL": "IE 0092 ALFRED NOBEL"
        },
        {
            "CCODI_LOCAL": "3422",
            "CCODI_UBIGEO": "140137",
            "TDIRE_LOCAL": "AV 1 DE MAYO SN",
            "TNOMB_LOCAL": "IE 0120 MANUEL ROBLES ALARCON"
        },
        {
            "CCODI_LOCAL": "3399",
            "CCODI_UBIGEO": "140137",
            "TDIRE_LOCAL": "CALLE RIO TUMBES SN",
            "TNOMB_LOCAL": "IE 0136 SANTA ROSA MILAGROSA"
        },
        {
            "CCODI_LOCAL": "3438",
            "CCODI_UBIGEO": "140137",
            "TDIRE_LOCAL": "CALLE RIO PASTAZA SN",
            "TNOMB_LOCAL": "IE 0144 LOS ALAMOS"
        },
        {
            "CCODI_LOCAL": "3402",
            "CCODI_UBIGEO": "140137",
            "TDIRE_LOCAL": "JR PARALELO SN",
            "TNOMB_LOCAL": "IE 0146 SU SANTIDAD JUAN PABLO II"
        },
        {
            "CCODI_LOCAL": "3439",
            "CCODI_UBIGEO": "140137",
            "TDIRE_LOCAL": "JR LOS JOBOS SN",
            "TNOMB_LOCAL": "IE 0147 MAYOR EP LUIS ALBERTO GARCIA ROJAS"
        },
        {
            "CCODI_LOCAL": "3440",
            "CCODI_UBIGEO": "140137",
            "TDIRE_LOCAL": "CALLE ROTHERDAM MZ 14 C LT 1",
            "TNOMB_LOCAL": "IE 0148 MAESTRO VICTOR RAUL HAYA DE LA TORRE"
        },
        {
            "CCODI_LOCAL": "3404",
            "CCODI_UBIGEO": "140137",
            "TDIRE_LOCAL": "AV AMPLIACI\u00d3N OESTE SN",
            "TNOMB_LOCAL": "IE 0152 JOSE CARLOS MARIATEGUI"
        },
        {
            "CCODI_LOCAL": "3405",
            "CCODI_UBIGEO": "140137",
            "TDIRE_LOCAL": "JR LAS ACACIAS SN",
            "TNOMB_LOCAL": "IE 0155 JOSE ANTONIO ENCINAS FRANCO"
        },
        {
            "CCODI_LOCAL": "3445",
            "CCODI_UBIGEO": "140137",
            "TDIRE_LOCAL": "III ETAPA CAMPOY - MZ S LOTE 6",
            "TNOMB_LOCAL": "IE 0160 SOLIDARIDAD I"
        },
        {
            "CCODI_LOCAL": "D760",
            "CCODI_UBIGEO": "140137",
            "TDIRE_LOCAL": "JR LOS LIRIOS SN",
            "TNOMB_LOCAL": "IE 0171-03"
        },
        {
            "CCODI_LOCAL": "D762",
            "CCODI_UBIGEO": "140137",
            "TDIRE_LOCAL": "JR LOS GRANADOS MZ Q2 LOTE 1",
            "TNOMB_LOCAL": "IE 0171-10 HANNI ROLFES"
        },
        {
            "CCODI_LOCAL": "3464",
            "CCODI_UBIGEO": "140137",
            "TDIRE_LOCAL": "AV CIRUELOS SN",
            "TNOMB_LOCAL": "IE 041 EL BOSQUECITO"
        },
        {
            "CCODI_LOCAL": "4969",
            "CCODI_UBIGEO": "140137",
            "TDIRE_LOCAL": "JR LOS RICINOS SN CUADRA OCHO",
            "TNOMB_LOCAL": "IE 061 SAN JUDAS TADEO DE LAS VIOLETAS"
        },
        {
            "CCODI_LOCAL": "3408",
            "CCODI_UBIGEO": "140137",
            "TDIRE_LOCAL": "JR CENTAURO 2502",
            "TNOMB_LOCAL": "IE 100"
        },
        {
            "CCODI_LOCAL": "3409",
            "CCODI_UBIGEO": "140137",
            "TDIRE_LOCAL": "JR JASPES SN",
            "TNOMB_LOCAL": "IE 109 INCA MANCO CAPAC"
        },
        {
            "CCODI_LOCAL": "3410",
            "CCODI_UBIGEO": "140137",
            "TDIRE_LOCAL": "AV ASCARRUZ ALTO SN",
            "TNOMB_LOCAL": "IE 110 SAN MARCOS"
        },
        {
            "CCODI_LOCAL": "3411",
            "CCODI_UBIGEO": "140137",
            "TDIRE_LOCAL": "JR LAS CORALINAS MZ LL LT 1",
            "TNOMB_LOCAL": "IE 113 DANIEL ALOMIA ROBLES"
        },
        {
            "CCODI_LOCAL": "3398",
            "CCODI_UBIGEO": "140137",
            "TDIRE_LOCAL": "AV CANTO GRANDE SN",
            "TNOMB_LOCAL": "IE 116 ABRAHAM VALDELOMAR"
        },
        {
            "CCODI_LOCAL": "3413",
            "CCODI_UBIGEO": "140137",
            "TDIRE_LOCAL": "JR VILLAC UMO 441",
            "TNOMB_LOCAL": "IE 1172 CIRO ALEGRIA"
        },
        {
            "CCODI_LOCAL": "3414",
            "CCODI_UBIGEO": "140137",
            "TDIRE_LOCAL": "JR PLAZA PRINCIPAL SN EL PUEBLITO",
            "TNOMB_LOCAL": "IE 1173 JULIO C TELLO"
        },
        {
            "CCODI_LOCAL": "3415",
            "CCODI_UBIGEO": "140137",
            "TDIRE_LOCAL": "JR LOS AMAUTAS 248",
            "TNOMB_LOCAL": "IE 1174 VIRGEN DEL CARMEN"
        },
        {
            "CCODI_LOCAL": "3416",
            "CCODI_UBIGEO": "140137",
            "TDIRE_LOCAL": "JR AREQUIPA SN",
            "TNOMB_LOCAL": "IE 1178 JAVIER HERAUD"
        },
        {
            "CCODI_LOCAL": "3417",
            "CCODI_UBIGEO": "140137",
            "TDIRE_LOCAL": "AV PROCERES DE LA INDEPENDENCIA SN CUADRA UNO",
            "TNOMB_LOCAL": "IE 1179 TOMAS ALVA EDISON"
        },
        {
            "CCODI_LOCAL": "3418",
            "CCODI_UBIGEO": "140137",
            "TDIRE_LOCAL": "JR LOS EBANOS SN",
            "TNOMB_LOCAL": "IE 1181 ALBERT EINSTEN"
        },
        {
            "CCODI_LOCAL": "3420",
            "CCODI_UBIGEO": "140137",
            "TDIRE_LOCAL": "AV SINCHI ROCA MZ Q LT 9",
            "TNOMB_LOCAL": "IE 1183 SAUL CANTORAL HUAMANI"
        },
        {
            "CCODI_LOCAL": "3421",
            "CCODI_UBIGEO": "140137",
            "TDIRE_LOCAL": "AV CANTO BELLO SN",
            "TNOMB_LOCAL": "IE 119 CANTO BELLO"
        },
        {
            "CCODI_LOCAL": "3423",
            "CCODI_UBIGEO": "140137",
            "TDIRE_LOCAL": "JR PALLKA SN",
            "TNOMB_LOCAL": "IE 122 ANDRES AVELINO CACERES"
        },
        {
            "CCODI_LOCAL": "3424",
            "CCODI_UBIGEO": "140137",
            "TDIRE_LOCAL": "AV JOSE CARLOS MARIATEGUI SN",
            "TNOMB_LOCAL": "IE 125 RICARDO PALMA"
        },
        {
            "CCODI_LOCAL": "3425",
            "CCODI_UBIGEO": "140137",
            "TDIRE_LOCAL": "JR CANTO RODADO 620",
            "TNOMB_LOCAL": "IE 126 JAVIER PEREZ DE CUELLAR"
        },
        {
            "CCODI_LOCAL": "3426",
            "CCODI_UBIGEO": "140137",
            "TDIRE_LOCAL": "JR ENERGITAS SN",
            "TNOMB_LOCAL": "IE 128 LA LIBERTAD"
        },
        {
            "CCODI_LOCAL": "3427",
            "CCODI_UBIGEO": "140137",
            "TDIRE_LOCAL": "JR LA RIMARINAS SN CDRA 2 URB SAN HILARION",
            "TNOMB_LOCAL": "IE 130 HEROES DE CENEPA"
        },
        {
            "CCODI_LOCAL": "3428",
            "CCODI_UBIGEO": "140137",
            "TDIRE_LOCAL": "PSJE AMAZONAS SN",
            "TNOMB_LOCAL": "IE 131 MONITOR HUASCAR"
        },
        {
            "CCODI_LOCAL": "3429",
            "CCODI_UBIGEO": "140137",
            "TDIRE_LOCAL": "JR NEVADO DE HUASCARAN SN",
            "TNOMB_LOCAL": "IE 132 TORIBIO DE LUZURIAGA Y MEJIA"
        },
        {
            "CCODI_LOCAL": "3430",
            "CCODI_UBIGEO": "140137",
            "TDIRE_LOCAL": "JR LAS SENSITIVAS CDRA 3",
            "TNOMB_LOCAL": "IE 134 MARIO FLORIAN"
        },
        {
            "CCODI_LOCAL": "3431",
            "CCODI_UBIGEO": "140137",
            "TDIRE_LOCAL": "JR RIO SANTA SN",
            "TNOMB_LOCAL": "IE 135 TORIBIO RODRIGUEZ DE MENDOZA"
        },
        {
            "CCODI_LOCAL": "3432",
            "CCODI_UBIGEO": "140137",
            "TDIRE_LOCAL": "JR MARTE SN",
            "TNOMB_LOCAL": "IE 137 MIGUEL GRAU SEMINARIO"
        },
        {
            "CCODI_LOCAL": "3433",
            "CCODI_UBIGEO": "140137",
            "TDIRE_LOCAL": "JR REJALGAR 785",
            "TNOMB_LOCAL": "IE 138 PROCERES DE LA INDEPENDENCIA"
        },
        {
            "CCODI_LOCAL": "3434",
            "CCODI_UBIGEO": "140137",
            "TDIRE_LOCAL": "AV CENTRO CIVICO SN",
            "TNOMB_LOCAL": "IE 139 GRAN AMAUTA MARIATEGUI"
        },
        {
            "CCODI_LOCAL": "3435",
            "CCODI_UBIGEO": "140137",
            "TDIRE_LOCAL": "AV REPUBLICA DE POLONIA SN",
            "TNOMB_LOCAL": "IE 140 SANTIAGO ANTUNEZ DE MAYOLO"
        },
        {
            "CCODI_LOCAL": "3437",
            "CCODI_UBIGEO": "140137",
            "TDIRE_LOCAL": "AV REPUBLICA DE POLONIA SN",
            "TNOMB_LOCAL": "IE 142 MARTIR DANIEL ALCIDES CARRION"
        },
        {
            "CCODI_LOCAL": "3400",
            "CCODI_UBIGEO": "140137",
            "TDIRE_LOCAL": "AV PROCERES SN",
            "TNOMB_LOCAL": "IE 143 SOLIDARIDAD II"
        },
        {
            "CCODI_LOCAL": "3401",
            "CCODI_UBIGEO": "140137",
            "TDIRE_LOCAL": "JR LOS NARDOS SN",
            "TNOMB_LOCAL": "IE 145 INDEPENDENCIA AMERICANA"
        },
        {
            "CCODI_LOCAL": "3441",
            "CCODI_UBIGEO": "140137",
            "TDIRE_LOCAL": "JR SOCHIN SN",
            "TNOMB_LOCAL": "IE 149 CAPITAN PNP JORGE CIEZA LACHOS"
        },
        {
            "CCODI_LOCAL": "7444",
            "CCODI_UBIGEO": "140137",
            "TDIRE_LOCAL": "JR H\u00c9ROES DE LA BRE\u00d1A SN",
            "TNOMB_LOCAL": "IE 150 H\u00c9ROES DE LA BRE\u00d1A"
        },
        {
            "CCODI_LOCAL": "3403",
            "CCODI_UBIGEO": "140137",
            "TDIRE_LOCAL": "CALLE 60 SN MZ I AAHH CRUZ DE MOTUPE",
            "TNOMB_LOCAL": "IE 151 MICAELA BASTIDAS"
        },
        {
            "CCODI_LOCAL": "3442",
            "CCODI_UBIGEO": "140137",
            "TDIRE_LOCAL": "AV REPUBLICA DE POLONIA MZ W04 LT 1",
            "TNOMB_LOCAL": "IE 153 ALEJANDRO SANCHEZ ARTEAGA"
        },
        {
            "CCODI_LOCAL": "3443",
            "CCODI_UBIGEO": "140137",
            "TDIRE_LOCAL": "CALLE 12 MZ M LT 13",
            "TNOMB_LOCAL": "IE 154 CARLOS NORIEGA JIMENEZ"
        },
        {
            "CCODI_LOCAL": "3406",
            "CCODI_UBIGEO": "140137",
            "TDIRE_LOCAL": "CALLE D SN AAHH SANTA MARIA",
            "TNOMB_LOCAL": "IE 158 SANTA MARIA"
        },
        {
            "CCODI_LOCAL": "3444",
            "CCODI_UBIGEO": "140137",
            "TDIRE_LOCAL": "JR EL PE\u00d1ON SN",
            "TNOMB_LOCAL": "IE 159 GLORIOSO 10 DE OCTUBRE"
        },
        {
            "CCODI_LOCAL": "3446",
            "CCODI_UBIGEO": "140137",
            "TDIRE_LOCAL": "JR FERNANDO DE ARAGON II SN",
            "TNOMB_LOCAL": "IE 161 MOISES COLONIA TRINIDAD"
        },
        {
            "CCODI_LOCAL": "3447",
            "CCODI_UBIGEO": "140137",
            "TDIRE_LOCAL": "AV AMPLIACION OESTE SN",
            "TNOMB_LOCAL": "IE 162 SAN JOSE OBRERO"
        },
        {
            "CCODI_LOCAL": "3448",
            "CCODI_UBIGEO": "140137",
            "TDIRE_LOCAL": "AV LA FRATERNIDAD SN",
            "TNOMB_LOCAL": "IE 163 NESTOR ESCUDERO OTERO"
        },
        {
            "CCODI_LOCAL": "7443",
            "CCODI_UBIGEO": "140137",
            "TDIRE_LOCAL": "MZ F LT 2 3 AAHH JAIME SUBIEZ",
            "TNOMB_LOCAL": "IE 164 EL AMAUTA"
        },
        {
            "CCODI_LOCAL": "3449",
            "CCODI_UBIGEO": "140137",
            "TDIRE_LOCAL": "JR SIMON RODRIGUEZ MZ H LT 2 AH MARISCAL CACERES",
            "TNOMB_LOCAL": "IE 166 KAROL WOJTYLA"
        },
        {
            "CCODI_LOCAL": "3450",
            "CCODI_UBIGEO": "140137",
            "TDIRE_LOCAL": "JR LAS GRAVAS SN",
            "TNOMB_LOCAL": "IE 168 AMISTAD PERU JAPON"
        },
        {
            "CCODI_LOCAL": "3451",
            "CCODI_UBIGEO": "140137",
            "TDIRE_LOCAL": "AV JORGE BASADRE SN",
            "TNOMB_LOCAL": "IE 169"
        },
        {
            "CCODI_LOCAL": "3407",
            "CCODI_UBIGEO": "140137",
            "TDIRE_LOCAL": "AV DEL PARQUE SN",
            "TNOMB_LOCAL": "IE 171 01 JUAN VELASCO ALVARADO"
        },
        {
            "CCODI_LOCAL": "5003",
            "CCODI_UBIGEO": "140137",
            "TDIRE_LOCAL": "AV LOS LIBERTADORES SN",
            "TNOMB_LOCAL": "IE 171 -02 LAS TERRAZAS"
        },
        {
            "CCODI_LOCAL": "3455",
            "CCODI_UBIGEO": "140137",
            "TDIRE_LOCAL": "AV DEL MERCADO SN",
            "TNOMB_LOCAL": "IE 32 FE Y ALEGRIA"
        },
        {
            "CCODI_LOCAL": "3457",
            "CCODI_UBIGEO": "140137",
            "TDIRE_LOCAL": "PSJE RAUL PORRAS BARRENECHEA SN",
            "TNOMB_LOCAL": "IE 4 FE Y ALEGRIA"
        },
        {
            "CCODI_LOCAL": "3456",
            "CCODI_UBIGEO": "140137",
            "TDIRE_LOCAL": "PSJE HIPOLITO UNANUE SN",
            "TNOMB_LOCAL": "IE 5 FE Y ALEGRIA"
        },
        {
            "CCODI_LOCAL": "V285",
            "CCODI_UBIGEO": "140137",
            "TDIRE_LOCAL": "CALLE LAS HORTENCIAS 200",
            "TNOMB_LOCAL": "IEI 039 JOSE MARIA ARGUEDAS"
        },
        {
            "CCODI_LOCAL": "3412",
            "CCODI_UBIGEO": "140137",
            "TDIRE_LOCAL": "JR LOS CODORNICES SN",
            "TNOMB_LOCAL": "IEI 115 -17 SAN JUDAS TADEO"
        },
        {
            "CCODI_LOCAL": "V736",
            "CCODI_UBIGEO": "140137",
            "TDIRE_LOCAL": "JR CANTERAS MZ O1 LT OV VI ETAPA II SANTA MARIA",
            "TNOMB_LOCAL": "IEP ANDRES BELLO"
        },
        {
            "CCODI_LOCAL": "V287",
            "CCODI_UBIGEO": "140137",
            "TDIRE_LOCAL": "JR LAS ARCILLAS 2762 URB SAN CARLOS",
            "TNOMB_LOCAL": "IEP APPU SAN CARLOS"
        },
        {
            "CCODI_LOCAL": "W615",
            "CCODI_UBIGEO": "140137",
            "TDIRE_LOCAL": "MZ A LT 6 PROYECTOS ESPECIALES I ESTAPA",
            "TNOMB_LOCAL": "IEP APRENDAMOS DE JESUS"
        },
        {
            "CCODI_LOCAL": "D784",
            "CCODI_UBIGEO": "140137",
            "TDIRE_LOCAL": "JR NEVADO DE HUASCARAN 311",
            "TNOMB_LOCAL": "IEP ARCA DE NOE"
        },
        {
            "CCODI_LOCAL": "I247",
            "CCODI_UBIGEO": "140137",
            "TDIRE_LOCAL": "MZ I8 LOTE 3 AAHH JOSE CARLOS MARIATEGUI",
            "TNOMB_LOCAL": "IEP ASOCIACION RELIGIOSA MARIA Y JESUS"
        },
        {
            "CCODI_LOCAL": "I499",
            "CCODI_UBIGEO": "140137",
            "TDIRE_LOCAL": "CALLE LOS CEDROS MZ G LT 18",
            "TNOMB_LOCAL": "IEP BENJAMIN FRANFLIN"
        },
        {
            "CCODI_LOCAL": "D785",
            "CCODI_UBIGEO": "140137",
            "TDIRE_LOCAL": "LOS DURAZNOS 300 - URB CANTO GRANDE",
            "TNOMB_LOCAL": "IEP BERTOLT BRECHT BREZING"
        },
        {
            "CCODI_LOCAL": "D788",
            "CCODI_UBIGEO": "140137",
            "TDIRE_LOCAL": "AV PROCERES DE LA INDEPENDENCIA 3680",
            "TNOMB_LOCAL": "IEP CAMBRIDGE"
        },
        {
            "CCODI_LOCAL": "D789",
            "CCODI_UBIGEO": "140137",
            "TDIRE_LOCAL": "MZ V1 LT 9 LAS CASUARINAS",
            "TNOMB_LOCAL": "IEP CARITAS FELICES"
        },
        {
            "CCODI_LOCAL": "CF23",
            "CCODI_UBIGEO": "140137",
            "TDIRE_LOCAL": "MZ DE LT 08 URB EL PALOMAR DE SAN ANTONIO",
            "TNOMB_LOCAL": "IEP CESAR VALLEJO MENDOZA"
        },
        {
            "CCODI_LOCAL": "V737",
            "CCODI_UBIGEO": "140137",
            "TDIRE_LOCAL": "AV GRAN CHIMU 1857",
            "TNOMB_LOCAL": "IEP COLEGIO BIBLICO CATOLICO"
        },
        {
            "CCODI_LOCAL": "D790",
            "CCODI_UBIGEO": "140137",
            "TDIRE_LOCAL": "AV 13 DE ENERO 2115 2117 LA HUAYRONA ETAPA I",
            "TNOMB_LOCAL": "IEP COLEGIO PRIVADO UNI"
        },
        {
            "CCODI_LOCAL": "D791",
            "CCODI_UBIGEO": "140137",
            "TDIRE_LOCAL": "JR FAUSTINO SANCHEZ CARRION SN",
            "TNOMB_LOCAL": "IEP CORAZON DE MARIA"
        },
        {
            "CCODI_LOCAL": "I500",
            "CCODI_UBIGEO": "140137",
            "TDIRE_LOCAL": "AV FERNANDO WIESSE MZ K15 LT 17",
            "TNOMB_LOCAL": "IEP CORAZON DE MARIA MILAGROSA"
        },
        {
            "CCODI_LOCAL": "D792",
            "CCODI_UBIGEO": "140137",
            "TDIRE_LOCAL": "AV LOS JARDINES ESTE 941 943 URB MANCO CAPAC III",
            "TNOMB_LOCAL": "IEP DIEGO THOMSON"
        },
        {
            "CCODI_LOCAL": "V288",
            "CCODI_UBIGEO": "140137",
            "TDIRE_LOCAL": "AV EL MURO MZ A LT 4 AAHH 10 DE OCTUBRE",
            "TNOMB_LOCAL": "IEP DIOS CAMINO Y VIDA"
        },
        {
            "CCODI_LOCAL": "W617",
            "CCODI_UBIGEO": "140137",
            "TDIRE_LOCAL": "AV EL SOL 376",
            "TNOMB_LOCAL": "IEP DIVINA MISERICORDIA"
        },
        {
            "CCODI_LOCAL": "V290",
            "CCODI_UBIGEO": "140137",
            "TDIRE_LOCAL": "AV SANTA ROSA 935 AAHH HUANTA",
            "TNOMB_LOCAL": "IEP FELIPE GUAMAN POMA DE AYALA"
        },
        {
            "CCODI_LOCAL": "I249",
            "CCODI_UBIGEO": "140137",
            "TDIRE_LOCAL": "JR LAS MANDRAGORAS 737",
            "TNOMB_LOCAL": "IEP FLORA TRISTAN"
        },
        {
            "CCODI_LOCAL": "I505",
            "CCODI_UBIGEO": "140137",
            "TDIRE_LOCAL": "MZ L LT 22 23",
            "TNOMB_LOCAL": "IEP GRAN PASCAL"
        },
        {
            "CCODI_LOCAL": "D796",
            "CCODI_UBIGEO": "140137",
            "TDIRE_LOCAL": "JR JUPITER 122",
            "TNOMB_LOCAL": "IEP GRUPO EDUCATIVO BRITANICO"
        },
        {
            "CCODI_LOCAL": "D797",
            "CCODI_UBIGEO": "140137",
            "TDIRE_LOCAL": "AV LIMA SN",
            "TNOMB_LOCAL": "IEP GUSTAVO ADOLFO BEQUER"
        },
        {
            "CCODI_LOCAL": "I250",
            "CCODI_UBIGEO": "140137",
            "TDIRE_LOCAL": "JR LOS RUBIES 1975",
            "TNOMB_LOCAL": "IEP HERMES DE SOPHIA"
        },
        {
            "CCODI_LOCAL": "D799",
            "CCODI_UBIGEO": "140137",
            "TDIRE_LOCAL": "MZ V1 LOTE 14 AAHH ENRIQUE MONTENEGRO",
            "TNOMB_LOCAL": "IEP HEROES DEL PACIFICO"
        },
        {
            "CCODI_LOCAL": "D800",
            "CCODI_UBIGEO": "140137",
            "TDIRE_LOCAL": "JR RUBIES 1704 URB FLORES 78",
            "TNOMB_LOCAL": "IEP HEROINA MICAELA BASTIDAS"
        },
        {
            "CCODI_LOCAL": "I251",
            "CCODI_UBIGEO": "140137",
            "TDIRE_LOCAL": "JR LAS DALIAS 145",
            "TNOMB_LOCAL": "IEP HOWARD GARNERD"
        },
        {
            "CCODI_LOCAL": "I025",
            "CCODI_UBIGEO": "140137",
            "TDIRE_LOCAL": "MZ J1 LT 31",
            "TNOMB_LOCAL": "IEP ILUMINADOR SAN JERONIMO"
        },
        {
            "CCODI_LOCAL": "3465",
            "CCODI_UBIGEO": "140137",
            "TDIRE_LOCAL": "AV CANTO GRANDE SN",
            "TNOMB_LOCAL": "IEP INCA GARCILASO DE LA VEGA"
        },
        {
            "CCODI_LOCAL": "I252",
            "CCODI_UBIGEO": "140137",
            "TDIRE_LOCAL": "AV MACHUPICCHU 177 CANTO GRANDE",
            "TNOMB_LOCAL": "IEP INGENIEROS KIDS"
        },
        {
            "CCODI_LOCAL": "D801",
            "CCODI_UBIGEO": "140137",
            "TDIRE_LOCAL": "AV EL PARQUE 760",
            "TNOMB_LOCAL": "IEP INNOVA SCHOOLS - CANTO GRANDE"
        },
        {
            "CCODI_LOCAL": "D802",
            "CCODI_UBIGEO": "140137",
            "TDIRE_LOCAL": "MZ K7 LOTE 1 Y 2 AAHH ESMERALDA DE LOS ANDES HUANTA II",
            "TNOMB_LOCAL": "IEP ISAAC NEWTON"
        },
        {
            "CCODI_LOCAL": "D803",
            "CCODI_UBIGEO": "140137",
            "TDIRE_LOCAL": "CALLE MANGANESO SN MZ W LOTE 08",
            "TNOMB_LOCAL": "IEP JEAN LEBLANC"
        },
        {
            "CCODI_LOCAL": "D804",
            "CCODI_UBIGEO": "140137",
            "TDIRE_LOCAL": "CALLE MANGANESO SN MZ V LOTE 17",
            "TNOMB_LOCAL": "IEP JEAN LEBLANC VENNE"
        },
        {
            "CCODI_LOCAL": "W618",
            "CCODI_UBIGEO": "140137",
            "TDIRE_LOCAL": "AV LOS JARDINES 426 URB INCA MANCO CAPAC",
            "TNOMB_LOCAL": "IEP JUAN PABLO II"
        },
        {
            "CCODI_LOCAL": "D808",
            "CCODI_UBIGEO": "140137",
            "TDIRE_LOCAL": "AV SAN MARTIN ESTE 169",
            "TNOMB_LOCAL": "IEP JUAN PABLO PEREGRINO"
        },
        {
            "CCODI_LOCAL": "V292",
            "CCODI_UBIGEO": "140137",
            "TDIRE_LOCAL": "AV CANTO GRANDE SN",
            "TNOMB_LOCAL": "IEP LA INMACULADA"
        },
        {
            "CCODI_LOCAL": "D809",
            "CCODI_UBIGEO": "140137",
            "TDIRE_LOCAL": "AV CANTO GRANDE 308",
            "TNOMB_LOCAL": "IEP LICEO FERMIN TANGUIS"
        },
        {
            "CCODI_LOCAL": "W011",
            "CCODI_UBIGEO": "140137",
            "TDIRE_LOCAL": "JR NEVADO DE HUASCARAN 385",
            "TNOMB_LOCAL": "IEP LORIS MALAGUZZI"
        },
        {
            "CCODI_LOCAL": "V293",
            "CCODI_UBIGEO": "140137",
            "TDIRE_LOCAL": "AV CONSTALACION 2446 SANTA ELIZABETH 1 ETAPA",
            "TNOMB_LOCAL": "IEP LUIS FABIO XAMMAR"
        },
        {
            "CCODI_LOCAL": "W619",
            "CCODI_UBIGEO": "140137",
            "TDIRE_LOCAL": "CALLE REAL SN",
            "TNOMB_LOCAL": "IEP MARIA DE LA MERCED"
        },
        {
            "CCODI_LOCAL": "3467",
            "CCODI_UBIGEO": "140137",
            "TDIRE_LOCAL": "AV HEROES DEL CENEPA MZ 06 LT 31",
            "TNOMB_LOCAL": "IEP MARISCAL CACERES"
        },
        {
            "CCODI_LOCAL": "H378",
            "CCODI_UBIGEO": "140137",
            "TDIRE_LOCAL": "JR JUAN MANUEL MOSCOSO SN",
            "TNOMB_LOCAL": "IEP MI ESCUELITA JOSE CARLOS MARIATEGUI"
        },
        {
            "CCODI_LOCAL": "D811",
            "CCODI_UBIGEO": "140137",
            "TDIRE_LOCAL": "AV SANTA ROSA 1667",
            "TNOMB_LOCAL": "IEP MUNDO DE COLORES"
        },
        {
            "CCODI_LOCAL": "D812",
            "CCODI_UBIGEO": "140137",
            "TDIRE_LOCAL": "AV SANTA ROSA 1507",
            "TNOMB_LOCAL": "IEP MUNDO DE COLORES SANTA ROSA"
        },
        {
            "CCODI_LOCAL": "D815",
            "CCODI_UBIGEO": "140137",
            "TDIRE_LOCAL": "AV SINCHI ROCA MZ N LOTE 2 JICAMARCA",
            "TNOMB_LOCAL": "IEP NEWTON SCHOOL"
        },
        {
            "CCODI_LOCAL": "X004",
            "CCODI_UBIGEO": "140137",
            "TDIRE_LOCAL": "JR CAJAMARQUILLA 1322",
            "TNOMB_LOCAL": "IEP NI\u00d1O DE PRAGA"
        },
        {
            "CCODI_LOCAL": "I512",
            "CCODI_UBIGEO": "140137",
            "TDIRE_LOCAL": "MZ I LT 18 19 GRUPO 4 CRUZ DE MOTUPE",
            "TNOMB_LOCAL": "IEP NIVEL A"
        },
        {
            "CCODI_LOCAL": "X210",
            "CCODI_UBIGEO": "140137",
            "TDIRE_LOCAL": "MZ 161 LT 32 AAHH HUASCAR",
            "TNOMB_LOCAL": "IEP NUEVO AMANECER"
        },
        {
            "CCODI_LOCAL": "I513",
            "CCODI_UBIGEO": "140137",
            "TDIRE_LOCAL": "MZ I LT 1 0 GRUPO 4 CRUZ DE MOTUPE",
            "TNOMB_LOCAL": "IEP ORION"
        },
        {
            "CCODI_LOCAL": "D816",
            "CCODI_UBIGEO": "140137",
            "TDIRE_LOCAL": "MZ K18 LOTE 4 URB MARISCAL CACERES",
            "TNOMB_LOCAL": "IEP PACO YUNQUE"
        },
        {
            "CCODI_LOCAL": "D817",
            "CCODI_UBIGEO": "140137",
            "TDIRE_LOCAL": "JR RIO VILCANOTA 266",
            "TNOMB_LOCAL": "IEP PEDRO PAULET"
        },
        {
            "CCODI_LOCAL": "3469",
            "CCODI_UBIGEO": "140137",
            "TDIRE_LOCAL": "JR ARENISCAS SN",
            "TNOMB_LOCAL": "IEP PITAGORAS"
        },
        {
            "CCODI_LOCAL": "X005",
            "CCODI_UBIGEO": "140137",
            "TDIRE_LOCAL": "JR LOS YUPANQUIS 486",
            "TNOMB_LOCAL": "IEP RIOS DE AGUA VIVA"
        },
        {
            "CCODI_LOCAL": "I514",
            "CCODI_UBIGEO": "140137",
            "TDIRE_LOCAL": "MZ \u00d1 LT 11",
            "TNOMB_LOCAL": "IEP SAGRADO CORAZON DE JESUS"
        },
        {
            "CCODI_LOCAL": "I031",
            "CCODI_UBIGEO": "140137",
            "TDIRE_LOCAL": "JR BARCELONA 1503 AAHH TRABAJADORES DEL HOSPITAL DEL NI\u00d1O",
            "TNOMB_LOCAL": "IEP SAN ANTONIO DE ABAD"
        },
        {
            "CCODI_LOCAL": "D819",
            "CCODI_UBIGEO": "140137",
            "TDIRE_LOCAL": "JR LAS ORTIGAS 724 URB LAS FLORES",
            "TNOMB_LOCAL": "IEP SAN BENITO"
        },
        {
            "CCODI_LOCAL": "D821",
            "CCODI_UBIGEO": "140137",
            "TDIRE_LOCAL": "CALLE LOS PALMITOS 953",
            "TNOMB_LOCAL": "IEP SAN JUAN BAUTISTA DE LA SALLE"
        },
        {
            "CCODI_LOCAL": "D822",
            "CCODI_UBIGEO": "140137",
            "TDIRE_LOCAL": "JR LOS BELE\u00d1OS 275",
            "TNOMB_LOCAL": "IEP SAN PEDRO"
        },
        {
            "CCODI_LOCAL": "CF24",
            "CCODI_UBIGEO": "140137",
            "TDIRE_LOCAL": "AV LA SALUD MZ 17 LT 24",
            "TNOMB_LOCAL": "IEP SAN SEBASTIAN"
        },
        {
            "CCODI_LOCAL": "D823",
            "CCODI_UBIGEO": "140137",
            "TDIRE_LOCAL": "AV CANTO GRANDE 2278",
            "TNOMB_LOCAL": "IEP SAN VICENTE"
        },
        {
            "CCODI_LOCAL": "D825",
            "CCODI_UBIGEO": "140137",
            "TDIRE_LOCAL": "JR CRICUNVALACION MZ 3 LOTE 17",
            "TNOMB_LOCAL": "IEP SANTA MARIA DE FATIMA"
        },
        {
            "CCODI_LOCAL": "H379",
            "CCODI_UBIGEO": "140137",
            "TDIRE_LOCAL": "MZ J1 LT 30 SANTA MARIA",
            "TNOMB_LOCAL": "IEP SANTA MARIA VIRGEN DEL CARMEN"
        },
        {
            "CCODI_LOCAL": "3472",
            "CCODI_UBIGEO": "140137",
            "TDIRE_LOCAL": "AV SANTA ROSA 428 QUINTA ETAPA",
            "TNOMB_LOCAL": "IEP SANTA ROSA"
        },
        {
            "CCODI_LOCAL": "D826",
            "CCODI_UBIGEO": "140137",
            "TDIRE_LOCAL": "JR SILLUSTANI 2000 URB MANGOMARCA",
            "TNOMB_LOCAL": "IEP SANTIAGO ALBERIONE"
        },
        {
            "CCODI_LOCAL": "D827",
            "CCODI_UBIGEO": "140137",
            "TDIRE_LOCAL": "JR TEMPLO DEL SOL 588",
            "TNOMB_LOCAL": "IEP SANTIAGO ANTUNEZ DE MAYOLO"
        },
        {
            "CCODI_LOCAL": "Y890",
            "CCODI_UBIGEO": "140137",
            "TDIRE_LOCAL": "JR JOSE ANTONIO ENCINAS 430",
            "TNOMB_LOCAL": "IEP SANTO DOMINGO DE GUZMAN - PRIMARIA"
        },
        {
            "CCODI_LOCAL": "Y891",
            "CCODI_UBIGEO": "140137",
            "TDIRE_LOCAL": "JR JOSE ANTONIO ENCINAS 470",
            "TNOMB_LOCAL": "IEP SANTO DOMINGO DE GUZMAN - SECUNDARIA"
        },
        {
            "CCODI_LOCAL": "W218",
            "CCODI_UBIGEO": "140137",
            "TDIRE_LOCAL": "MZ B1 LT 12 LOS CIPRESES",
            "TNOMB_LOCAL": "IEP SUDAMERICANO"
        },
        {
            "CCODI_LOCAL": "D829",
            "CCODI_UBIGEO": "140137",
            "TDIRE_LOCAL": "CALLE EL MILAGRO 800",
            "TNOMB_LOCAL": "IEP SUMMERHILL SCHOOL"
        },
        {
            "CCODI_LOCAL": "D832",
            "CCODI_UBIGEO": "140137",
            "TDIRE_LOCAL": "JR LOS CIPRESES 267",
            "TNOMB_LOCAL": "IEP VIRGEN DE LAS NIEVES"
        },
        {
            "CCODI_LOCAL": "H713",
            "CCODI_UBIGEO": "140137",
            "TDIRE_LOCAL": "CALLE 8 MZ T1 LT 4A COOP SAN PEDRO",
            "TNOMB_LOCAL": "IEP WISDOM SCHOOL"
        },
        {
            "CCODI_LOCAL": "I258",
            "CCODI_UBIGEO": "140137",
            "TDIRE_LOCAL": "JR LAS HEBEAS 1017 URB SAN VICENTE",
            "TNOMB_LOCAL": "IESP PRIVADO SAN SILVESTRE"
        },
        {
            "CCODI_LOCAL": "I034",
            "CCODI_UBIGEO": "140137",
            "TDIRE_LOCAL": "CALLE HEROES DEL CENEPA SN",
            "TNOMB_LOCAL": "IPD BAYOVAR"
        },
        {
            "CCODI_LOCAL": "3474",
            "CCODI_UBIGEO": "140137",
            "TDIRE_LOCAL": "AV FERNANDO WIESSE SN",
            "TNOMB_LOCAL": "IST MANUEL SEOANE CORRALES"
        },
        {
            "CCODI_LOCAL": "R194",
            "CCODI_UBIGEO": "140137",
            "TDIRE_LOCAL": "MZ D LOTE 20 - SE\u00d1OR DE LUREN",
            "TNOMB_LOCAL": "JESUSITO"
        },
        {
            "CCODI_LOCAL": "R197",
            "CCODI_UBIGEO": "140137",
            "TDIRE_LOCAL": "AAHH UPIS HUASCAR GRUPO 10 SECTOR A",
            "TNOMB_LOCAL": "LAS SEMILLITAS"
        },
        {
            "CCODI_LOCAL": "W622",
            "CCODI_UBIGEO": "140137",
            "TDIRE_LOCAL": "CLLE MAR JONICO SN CRUZ DE MOTUPE",
            "TNOMB_LOCAL": "LOCAL COMUNAL CRUZ DE MOTUPE"
        },
        {
            "CCODI_LOCAL": "Y892",
            "CCODI_UBIGEO": "140137",
            "TDIRE_LOCAL": "PLAZA PRINCIPAL JUAN PABLO II SN PRIMERA ETAPA",
            "TNOMB_LOCAL": "LOCAL COMUNAL JUAN PABLO II"
        },
        {
            "CCODI_LOCAL": "W013",
            "CCODI_UBIGEO": "140137",
            "TDIRE_LOCAL": "JR LAS ORQUIDEAS SN ASOC POBLADORES EL SAUCE SEGUNDO",
            "TNOMB_LOCAL": "LOCAL COMUNAL SE\u00d1OR DE LOS MILAGROS"
        },
        {
            "CCODI_LOCAL": "X211",
            "CCODI_UBIGEO": "140137",
            "TDIRE_LOCAL": "MZ A LT 1 URB SAN GABRIEL",
            "TNOMB_LOCAL": "LOCAL DE LA ASOC PROP MERCADO MODELO SAN GABRIEL"
        },
        {
            "CCODI_LOCAL": "W014",
            "CCODI_UBIGEO": "140137",
            "TDIRE_LOCAL": "JR OXALIDAS SN COOP DE VIV EL MANTARO",
            "TNOMB_LOCAL": "LOSA DEL PARQUE EL MANTARO"
        },
        {
            "CCODI_LOCAL": "W015",
            "CCODI_UBIGEO": "140137",
            "TDIRE_LOCAL": "MZ B ASOCIACION DE VIVIENDA EL PORVENIR",
            "TNOMB_LOCAL": "LOSA DEPORTIVA DE ASOCIACION DE VIVIENDA EL PORVENIR"
        },
        {
            "CCODI_LOCAL": "V741",
            "CCODI_UBIGEO": "140137",
            "TDIRE_LOCAL": "CALLE FLORENCIA SN ASOC CIVIL HORACIO ZEBALLOS",
            "TNOMB_LOCAL": "LOSA DEPORTIVA N\u00b0 2"
        },
        {
            "CCODI_LOCAL": "V301",
            "CCODI_UBIGEO": "140137",
            "TDIRE_LOCAL": "JR PICAFLOR SN",
            "TNOMB_LOCAL": "LOSA DEPORTIVA PARQUE LA CONCORDIA - AZCARRUZ ALTO"
        },
        {
            "CCODI_LOCAL": "X006",
            "CCODI_UBIGEO": "140137",
            "TDIRE_LOCAL": "CALLES PICAFLORES CODORNICES Y COLIBRIES",
            "TNOMB_LOCAL": "LOSA DEPORTIVA PARQUE N\u00b01 HORIZONTE DE ZARATE"
        },
        {
            "CCODI_LOCAL": "V302",
            "CCODI_UBIGEO": "140137",
            "TDIRE_LOCAL": "JR LOS GERANIOS SN ASOC DE VIVIENDA LOS SAUCES",
            "TNOMB_LOCAL": "LOSA DEPORTIVA PARQUE SE\u00d1OR DE LOS MILAGROS"
        },
        {
            "CCODI_LOCAL": "W623",
            "CCODI_UBIGEO": "140137",
            "TDIRE_LOCAL": "JR LAS TERRAZAS CUADRA VEINTICINCO",
            "TNOMB_LOCAL": "LOSA DEPORTIVA PARQUE 4 OSCAR BENEGAS"
        },
        {
            "CCODI_LOCAL": "V300",
            "CCODI_UBIGEO": "140137",
            "TDIRE_LOCAL": "CALLE MIGUEL GRAU SN",
            "TNOMB_LOCAL": "LOSA DEPORTIVA 27 DE MARZO AAHH 27 DE MARZO"
        },
        {
            "CCODI_LOCAL": "X007",
            "CCODI_UBIGEO": "140137",
            "TDIRE_LOCAL": "CALLES 30 Y 31 MAR JONCO",
            "TNOMB_LOCAL": "LOZA DEPORTIVA GRUPO N\u00b04 MOTUPE"
        },
        {
            "CCODI_LOCAL": "I259",
            "CCODI_UBIGEO": "140137",
            "TDIRE_LOCAL": "JR LOS MEDICOS SN MZ G",
            "TNOMB_LOCAL": "LOZA DEPORTIVA HUANCARAY"
        },
        {
            "CCODI_LOCAL": "R198",
            "CCODI_UBIGEO": "140137",
            "TDIRE_LOCAL": "MZ E LOTE 3 ZONA 4",
            "TNOMB_LOCAL": "MI PEQUE\u00d1O ANGELITO"
        },
        {
            "CCODI_LOCAL": "I260",
            "CCODI_UBIGEO": "140137",
            "TDIRE_LOCAL": "CALLE 3 SN AAHH CRUZ DE MOTUPE GRUPO 2",
            "TNOMB_LOCAL": "PARQUE CENTRAL GRUPO 2"
        },
        {
            "CCODI_LOCAL": "W624",
            "CCODI_UBIGEO": "140137",
            "TDIRE_LOCAL": "JR JOSE ANTONIO ENCINAS 401",
            "TNOMB_LOCAL": "PARQUE LA CONCORDIA"
        },
        {
            "CCODI_LOCAL": "I261",
            "CCODI_UBIGEO": "140137",
            "TDIRE_LOCAL": "JR LAS MANDRAGORAS CUADRA SIETE",
            "TNOMB_LOCAL": "PARQUE LOS LIBERTADORES - COOPERATIVAS LAS FLORES"
        },
        {
            "CCODI_LOCAL": "V305",
            "CCODI_UBIGEO": "140137",
            "TDIRE_LOCAL": "AV SANTA ROSA CUADRA VEINTITRES",
            "TNOMB_LOCAL": "PARQUE N 7 SAN CARLOS"
        },
        {
            "CCODI_LOCAL": "D839",
            "CCODI_UBIGEO": "140137",
            "TDIRE_LOCAL": "AV PROCERES DE LA INDEPENDENCIA CUADRA CATORCE SN",
            "TNOMB_LOCAL": "PARQUE ZONAL HUIRACOCHA"
        },
        {
            "CCODI_LOCAL": "CK32",
            "CCODI_UBIGEO": "140137",
            "TDIRE_LOCAL": "JR. LOS MASTUERZOS 1650",
            "TNOMB_LOCAL": "PARROQUIA SAN BENITO - CRISTO POBRE"
        },
        {
            "CCODI_LOCAL": "D841",
            "CCODI_UBIGEO": "140137",
            "TDIRE_LOCAL": "JR LOS URUBUES MZ I LOTE 11",
            "TNOMB_LOCAL": "PRITE LOS ANGELITOS"
        },
        {
            "CCODI_LOCAL": "W625",
            "CCODI_UBIGEO": "140137",
            "TDIRE_LOCAL": "CALLE SN AAHH CRUZ DE MOTUPE SECTOR 7",
            "TNOMB_LOCAL": "PUEBLOS UNIDOS DE SAN JUAN DE LURIGANCHO"
        },
        {
            "CCODI_LOCAL": "D844",
            "CCODI_UBIGEO": "140137",
            "TDIRE_LOCAL": "AV MZ L LOTE 16",
            "TNOMB_LOCAL": "SAGRADA FAMILIA"
        },
        {
            "CCODI_LOCAL": "D845",
            "CCODI_UBIGEO": "140137",
            "TDIRE_LOCAL": "JICAMARCA MZ H LOTE 4",
            "TNOMB_LOCAL": "SAN ANTONIO DE JICAMARCA"
        },
        {
            "CCODI_LOCAL": "R201",
            "CCODI_UBIGEO": "140137",
            "TDIRE_LOCAL": "MZ K LOTE 13 SECTOR ARENAL ALTO AAHH JUAN PABLO II",
            "TNOMB_LOCAL": "SEMILLITAS DE LA PAZ"
        },
        {
            "CCODI_LOCAL": "D848",
            "CCODI_UBIGEO": "140137",
            "TDIRE_LOCAL": "JR AGUA MARINA 121",
            "TNOMB_LOCAL": "SE\u00d1OR DE LOS MILAGROS"
        },
        {
            "CCODI_LOCAL": "D849",
            "CCODI_UBIGEO": "140137",
            "TDIRE_LOCAL": "AV LOS PROCERES MZ R LOTE 15",
            "TNOMB_LOCAL": "SOLIDARIDAD III"
        },
        {
            "CCODI_LOCAL": "D850",
            "CCODI_UBIGEO": "140137",
            "TDIRE_LOCAL": "CALLE LAS MANDRAGORAS 417",
            "TNOMB_LOCAL": "TECNICO SAN HILARION"
        },
        {
            "CCODI_LOCAL": "V306",
            "CCODI_UBIGEO": "140137",
            "TDIRE_LOCAL": "AV SANTA ROSA DE LIMA 1231",
            "TNOMB_LOCAL": "ULADECH"
        },
        {
            "CCODI_LOCAL": "I262",
            "CCODI_UBIGEO": "140137",
            "TDIRE_LOCAL": "AV WISSE KM 10 5 BAYOVAR",
            "TNOMB_LOCAL": "UNIVERSIDAD NACIONAL MAYOR DE SAN MARCOS"
        },
        {
            "CCODI_LOCAL": "D711",
            "CCODI_UBIGEO": "140137",
            "TDIRE_LOCAL": "JR PIEDRA BIGUA SN",
            "TNOMB_LOCAL": "00057 PASITOS DE JESUS"
        },
        {
            "CCODI_LOCAL": "D712",
            "CCODI_UBIGEO": "140137",
            "TDIRE_LOCAL": "JR PASCO SN",
            "TNOMB_LOCAL": "0015 LAS AZUCENAS"
        },
        {
            "CCODI_LOCAL": "D713",
            "CCODI_UBIGEO": "140137",
            "TDIRE_LOCAL": "AV CAJAMARQUILLA SN",
            "TNOMB_LOCAL": "0032 NI\u00d1O JESUS DE ZARATE"
        },
        {
            "CCODI_LOCAL": "D715",
            "CCODI_UBIGEO": "140137",
            "TDIRE_LOCAL": "AV RIMAC SN",
            "TNOMB_LOCAL": "0043 SAN CRISTOBAL"
        },
        {
            "CCODI_LOCAL": "D716",
            "CCODI_UBIGEO": "140137",
            "TDIRE_LOCAL": "JR LAS GROCELLAS 1740",
            "TNOMB_LOCAL": "0051 LOS PASTORCITOS DE NUESTRA SE\u00d1ORA DE FATIMA"
        },
        {
            "CCODI_LOCAL": "D717",
            "CCODI_UBIGEO": "140137",
            "TDIRE_LOCAL": "AV LOS CISNES MZ D LT 17",
            "TNOMB_LOCAL": "0060 CORAZON DE JESUS"
        },
        {
            "CCODI_LOCAL": "D718",
            "CCODI_UBIGEO": "140137",
            "TDIRE_LOCAL": "PSJE SANTA ROSA SN",
            "TNOMB_LOCAL": "0062"
        },
        {
            "CCODI_LOCAL": "D719",
            "CCODI_UBIGEO": "140137",
            "TDIRE_LOCAL": "PSJE LAS ORQUIDEAS SN",
            "TNOMB_LOCAL": "0063 VIRGEN DE LOURDES"
        },
        {
            "CCODI_LOCAL": "D720",
            "CCODI_UBIGEO": "140137",
            "TDIRE_LOCAL": "AV CANTO GRANDE SN",
            "TNOMB_LOCAL": "0070 HUASCAR"
        },
        {
            "CCODI_LOCAL": "D721",
            "CCODI_UBIGEO": "140137",
            "TDIRE_LOCAL": "JR LAS ORTIGAS SN",
            "TNOMB_LOCAL": "0071 VIRGEN DEL CARMEN"
        },
        {
            "CCODI_LOCAL": "D722",
            "CCODI_UBIGEO": "140137",
            "TDIRE_LOCAL": "PARQUE CENTRAL SN",
            "TNOMB_LOCAL": "0073 ARRIBA PERU"
        },
        {
            "CCODI_LOCAL": "D723",
            "CCODI_UBIGEO": "140137",
            "TDIRE_LOCAL": "JR SAN MARTIN SN",
            "TNOMB_LOCAL": "0076 MARIA AUXILIADORA"
        },
        {
            "CCODI_LOCAL": "D724",
            "CCODI_UBIGEO": "140137",
            "TDIRE_LOCAL": "MZ 33 Y 34 DE LA II ETAPA ZONA BAYOVAR",
            "TNOMB_LOCAL": "0079 CUNA JARDIN"
        },
        {
            "CCODI_LOCAL": "D725",
            "CCODI_UBIGEO": "140137",
            "TDIRE_LOCAL": "MZ Q LOTE 15 URB LAS TERRAZAS",
            "TNOMB_LOCAL": "0080 LAS TERRAZAS"
        },
        {
            "CCODI_LOCAL": "D727",
            "CCODI_UBIGEO": "140137",
            "TDIRE_LOCAL": "JR BIGUA SN INCA MACO CAPAC",
            "TNOMB_LOCAL": "0084 VIRGEN MARIA"
        },
        {
            "CCODI_LOCAL": "D728",
            "CCODI_UBIGEO": "140137",
            "TDIRE_LOCAL": "CAMPOY MZ C1 LT AE SECTOR C AAHH CERRO LOS ANGELES",
            "TNOMB_LOCAL": "0086 CAMPOY"
        },
        {
            "CCODI_LOCAL": "D730",
            "CCODI_UBIGEO": "140137",
            "TDIRE_LOCAL": "AV EL PARQUE SN LT EI4 AAHH JUAN PABLO II",
            "TNOMB_LOCAL": "0099 KAROL WOJTYLA"
        },
        {
            "CCODI_LOCAL": "D732",
            "CCODI_UBIGEO": "140137",
            "TDIRE_LOCAL": "SANTA MARIA MZ L1 - AAHH SANTA MARIA",
            "TNOMB_LOCAL": "0104"
        },
        {
            "CCODI_LOCAL": "Y427",
            "CCODI_UBIGEO": "140137",
            "TDIRE_LOCAL": "PARQUE PRINCIPAL SN",
            "TNOMB_LOCAL": "0105 YOY MARINA GARATE BARDALES"
        },
        {
            "CCODI_LOCAL": "D733",
            "CCODI_UBIGEO": "140137",
            "TDIRE_LOCAL": "JR ALMIRANTE GRAU MZ A LOTE 13",
            "TNOMB_LOCAL": "0108"
        },
        {
            "CCODI_LOCAL": "D735",
            "CCODI_UBIGEO": "140137",
            "TDIRE_LOCAL": "AV LAS LILAS SN MARISCAL CACERES",
            "TNOMB_LOCAL": "0111"
        },
        {
            "CCODI_LOCAL": "D736",
            "CCODI_UBIGEO": "140137",
            "TDIRE_LOCAL": "CALLE LAS LILAS MZ D",
            "TNOMB_LOCAL": "0112"
        },
        {
            "CCODI_LOCAL": "D737",
            "CCODI_UBIGEO": "140137",
            "TDIRE_LOCAL": "MZ C10 LOTE 6 AAHH EDUARDO DE LA PINELLA",
            "TNOMB_LOCAL": "0113 DIVINO NI\u00d1O JESUS"
        },
        {
            "CCODI_LOCAL": "D738",
            "CCODI_UBIGEO": "140137",
            "TDIRE_LOCAL": "AV DEL PARQUE SN",
            "TNOMB_LOCAL": "0115 02 NI\u00d1O JESUS MARISCAL CHAPERITO"
        },
        {
            "CCODI_LOCAL": "D739",
            "CCODI_UBIGEO": "140137",
            "TDIRE_LOCAL": "CALLE 51 MOTUPE",
            "TNOMB_LOCAL": "0115 06"
        },
        {
            "CCODI_LOCAL": "D740",
            "CCODI_UBIGEO": "140137",
            "TDIRE_LOCAL": "CALLE FLORENCIA CUADRA 1",
            "TNOMB_LOCAL": "0115 07 KUMAMOTO"
        },
        {
            "CCODI_LOCAL": "W608",
            "CCODI_UBIGEO": "140137",
            "TDIRE_LOCAL": "CALLE LOS GRANADOS SN MZ P3 LT 1",
            "TNOMB_LOCAL": "0115 09 NUEVA ESPERANZA"
        },
        {
            "CCODI_LOCAL": "D741",
            "CCODI_UBIGEO": "140137",
            "TDIRE_LOCAL": "CALLE COMANDANTE SOBERON SEGUNDA CUADRA SN II ETAPA URB MCAL CACERES",
            "TNOMB_LOCAL": "0115 10 MUNDO DEL SABER"
        },
        {
            "CCODI_LOCAL": "D742",
            "CCODI_UBIGEO": "140137",
            "TDIRE_LOCAL": "AAHH JOSE CARLOS MARIATEGUI MZ X LOTE 3 ETAPA V",
            "TNOMB_LOCAL": "0115 11"
        },
        {
            "CCODI_LOCAL": "D743",
            "CCODI_UBIGEO": "140137",
            "TDIRE_LOCAL": "JR LAS ORTIGAS SN",
            "TNOMB_LOCAL": "0115 12 FLORES DE LIMA"
        },
        {
            "CCODI_LOCAL": "D744",
            "CCODI_UBIGEO": "140137",
            "TDIRE_LOCAL": "JR LOS LIRIOS SN",
            "TNOMB_LOCAL": "0115 14 LOS RUISE\u00d1ORES"
        },
        {
            "CCODI_LOCAL": "D745",
            "CCODI_UBIGEO": "140137",
            "TDIRE_LOCAL": "AV LOS GRANADOS SN",
            "TNOMB_LOCAL": "0115 15 NI\u00d1O JESUS"
        },
        {
            "CCODI_LOCAL": "W609",
            "CCODI_UBIGEO": "140137",
            "TDIRE_LOCAL": "JR LAS GRAVAS 2460",
            "TNOMB_LOCAL": "0115 16 VIRGEN DEL CARMEN"
        },
        {
            "CCODI_LOCAL": "D746",
            "CCODI_UBIGEO": "140137",
            "TDIRE_LOCAL": "URB MARISCAL CACERES MZ K8 SECTOR II",
            "TNOMB_LOCAL": "0115 18 JUANA ALARCO DE DAMMERT"
        },
        {
            "CCODI_LOCAL": "D749",
            "CCODI_UBIGEO": "140137",
            "TDIRE_LOCAL": "JR PEREZ DE TUDELA SN",
            "TNOMB_LOCAL": "0115 23 SE\u00d1OR DE LOS MILAGROS"
        },
        {
            "CCODI_LOCAL": "D750",
            "CCODI_UBIGEO": "140137",
            "TDIRE_LOCAL": "AAHH CESAR VALLEJO MZ V LOTE 1 - CCPP MONTENEGRO",
            "TNOMB_LOCAL": "0115 24 SEMILLITA DEL SABER"
        },
        {
            "CCODI_LOCAL": "D751",
            "CCODI_UBIGEO": "140137",
            "TDIRE_LOCAL": "COOPERATIVA SAGRADA FAMILIA MZ Z LOTE 2",
            "TNOMB_LOCAL": "0115 25 CUNA DE JESUS"
        },
        {
            "CCODI_LOCAL": "D752",
            "CCODI_UBIGEO": "140137",
            "TDIRE_LOCAL": "CALLE D MZ V LOTE 1 AAHH SANTA MARIA 2 ETAPA",
            "TNOMB_LOCAL": "0115 26"
        },
        {
            "CCODI_LOCAL": "D754",
            "CCODI_UBIGEO": "140137",
            "TDIRE_LOCAL": "MZ K LOTE 7 COOP VIV LA UNION",
            "TNOMB_LOCAL": "0141 VIRGEN DE COCHARCAS"
        },
        {
            "CCODI_LOCAL": "D756",
            "CCODI_UBIGEO": "140137",
            "TDIRE_LOCAL": "ASOCIACION DE VIVIENDA EL PORVENIR MZ F",
            "TNOMB_LOCAL": "0156 EL PORVENIR"
        },
        {
            "CCODI_LOCAL": "D757",
            "CCODI_UBIGEO": "140137",
            "TDIRE_LOCAL": "MZ Z AAHH CIUDAD DE LOS CONSTRUCTORES",
            "TNOMB_LOCAL": "0167 MARIA REICHE"
        },
        {
            "CCODI_LOCAL": "D759",
            "CCODI_UBIGEO": "140137",
            "TDIRE_LOCAL": "CALLE RUAM SN",
            "TNOMB_LOCAL": "0171 BUENOS AIRES"
        },
        {
            "CCODI_LOCAL": "D758",
            "CCODI_UBIGEO": "140137",
            "TDIRE_LOCAL": "AV NACIONES UNIDAS SN",
            "TNOMB_LOCAL": "0171 08"
        },
        {
            "CCODI_LOCAL": "D761",
            "CCODI_UBIGEO": "140137",
            "TDIRE_LOCAL": "ASOCIACION DE POBLADORES EL SAUCE II MZ A LOTE 28 A",
            "TNOMB_LOCAL": "0171-07 COVARRUBIA LAFUENTE"
        },
        {
            "CCODI_LOCAL": "D763",
            "CCODI_UBIGEO": "140137",
            "TDIRE_LOCAL": "JR LAS SABILAS SN",
            "TNOMB_LOCAL": "035 ISABEL FLORES DE OLIVA"
        },
        {
            "CCODI_LOCAL": "D764",
            "CCODI_UBIGEO": "140137",
            "TDIRE_LOCAL": "AAHH HUANTA MZ P LOTE 1",
            "TNOMB_LOCAL": "098"
        },
        {
            "CCODI_LOCAL": "D765",
            "CCODI_UBIGEO": "140137",
            "TDIRE_LOCAL": "CALLE 2 PSJE 2 SN AAHH 10 DE MARZO",
            "TNOMB_LOCAL": "10 DE MARZO"
        },
        {
            "CCODI_LOCAL": "D766",
            "CCODI_UBIGEO": "140137",
            "TDIRE_LOCAL": "AV MIGUEL GRAU SN",
            "TNOMB_LOCAL": "102"
        },
        {
            "CCODI_LOCAL": "D767",
            "CCODI_UBIGEO": "140137",
            "TDIRE_LOCAL": "AA HH MARISCAL CACERES MZ R5",
            "TNOMB_LOCAL": "106 INDOAMERICA"
        },
        {
            "CCODI_LOCAL": "W607",
            "CCODI_UBIGEO": "140137",
            "TDIRE_LOCAL": "AV PROLONGACION SAN MARTIN MZ S 2 LOTE 00",
            "TNOMB_LOCAL": "115"
        },
        {
            "CCODI_LOCAL": "D768",
            "CCODI_UBIGEO": "140137",
            "TDIRE_LOCAL": "AA HH TUPAC AMARU II MZ H LOTE 1",
            "TNOMB_LOCAL": "115 27 MI PEQUE\u00d1O MUNDO"
        },
        {
            "CCODI_LOCAL": "Y885",
            "CCODI_UBIGEO": "140137",
            "TDIRE_LOCAL": "JR JUAN JOSE FLORES MZ C LT 3 AAHH 27 DE MARZO",
            "TNOMB_LOCAL": "115 31 GOTITAS DE AMOR"
        },
        {
            "CCODI_LOCAL": "D770",
            "CCODI_UBIGEO": "140137",
            "TDIRE_LOCAL": "MZ N17 V44 LOTE E5 AAHH CASABLANCA",
            "TNOMB_LOCAL": "115-3 ANGELITOS DE CASABLANCA"
        },
        {
            "CCODI_LOCAL": "D771",
            "CCODI_UBIGEO": "140137",
            "TDIRE_LOCAL": "CALLE LOS ZAFIROS SN",
            "TNOMB_LOCAL": "115-5 REPUBLICA HELENICA"
        },
        {
            "CCODI_LOCAL": "D772",
            "CCODI_UBIGEO": "140137",
            "TDIRE_LOCAL": "HUASCAR MZ B LOTE 01 - AAHH MANOS DE DIOS II ETAPA",
            "TNOMB_LOCAL": "117 SIGNOS DE FE"
        },
        {
            "CCODI_LOCAL": "D774",
            "CCODI_UBIGEO": "140137",
            "TDIRE_LOCAL": "AV NUEVO PERU MZ D LOTE 7 8 PUEBLO JOVEN NUEVO PERU",
            "TNOMB_LOCAL": "121 VIRGEN DE FATIMA"
        },
        {
            "CCODI_LOCAL": "D775",
            "CCODI_UBIGEO": "140137",
            "TDIRE_LOCAL": "AAHH CESAR VALLEJO MZ P LOTE 2",
            "TNOMB_LOCAL": "171 - 4 CONSUELO SOLEDAD CRISANTO SALINAS"
        },
        {
            "CCODI_LOCAL": "D776",
            "CCODI_UBIGEO": "140137",
            "TDIRE_LOCAL": "PSJE PROGRESO SN MZ O LOTE CE",
            "TNOMB_LOCAL": "27 DE MARZO"
        }
    ]
}